{"UUID":"NLKJIzUC37kQynmoQaQpTS","layoutMainAxisSizing":null,"layoutCrossAxisSizing":null,"name":"No Hope App","isVisible":true,"boundaryRectangle":null,"style":null,"prototypeNodeUUID":null,"child":null,"constraints":null,"debug":false,"pngPath":"/usr/src/app/temp-out/pb-tmp-097df360-d4d5-4847-a939-def1b1a5dd16/smarty/lib/assets/images","pages":[{"UUID":"0:1","layoutMainAxisSizing":null,"layoutCrossAxisSizing":null,"name":"Page 1","isVisible":true,"boundaryRectangle":null,"style":null,"prototypeNodeUUID":null,"child":null,"constraints":null,"convert":true,"screens":[],"pbdlType":"page"}],"miscPages":[],"sharedStyles":[],"globalStyles":{"UUID":"","layoutMainAxisSizing":null,"layoutCrossAxisSizing":null,"name":"","isVisible":false,"boundaryRectangle":null,"style":null,"prototypeNodeUUID":null,"child":null,"constraints":null,"pbdlType":"global_styles","designSystem":"material","colors":[{"UUID":"1:3","layoutMainAxisSizing":null,"layoutCrossAxisSizing":null,"name":"Grayscale/Body","isVisible":false,"boundaryRectangle":null,"style":null,"prototypeNodeUUID":null,"child":null,"constraints":null,"description":"","pbdlType":"global_color","color":{"a":1.0,"r":0.30750513076782227,"g":0.29239892959594727,"b":0.40030044317245483}},{"UUID":"1:4","layoutMainAxisSizing":null,"layoutCrossAxisSizing":null,"name":"Neutral/Grey","isVisible":false,"boundaryRectangle":null,"style":null,"prototypeNodeUUID":null,"child":null,"constraints":null,"description":"","pbdlType":"global_color","color":{"a":1.0,"r":0.5647059082984924,"g":0.5960784554481506,"b":0.6941176652908325}},{"UUID":"18:5","layoutMainAxisSizing":null,"layoutCrossAxisSizing":null,"name":"Content/1","isVisible":false,"boundaryRectangle":null,"style":null,"prototypeNodeUUID":null,"child":null,"constraints":null,"description":"","pbdlType":"global_color","color":{"a":1.0,"r":0.8274509906768799,"g":0.1568627506494522,"b":0.2705882489681244}},{"UUID":"65:8","layoutMainAxisSizing":null,"layoutCrossAxisSizing":null,"name":"Primary/6","isVisible":false,"boundaryRectangle":null,"style":null,"prototypeNodeUUID":null,"child":null,"constraints":null,"description":"","pbdlType":"global_color","color":{"a":1.0,"r":0.0941176488995552,"g":0.5647059082984924,"b":1.0}},{"UUID":"66:12","layoutMainAxisSizing":null,"layoutCrossAxisSizing":null,"name":"Character / Primary(inverse)","isVisible":false,"boundaryRectangle":null,"style":null,"prototypeNodeUUID":null,"child":null,"constraints":null,"description":"","pbdlType":"global_color","color":{"a":1.0,"r":1.0,"g":1.0,"b":1.0}},{"UUID":"66:231","layoutMainAxisSizing":null,"layoutCrossAxisSizing":null,"name":"Neutral/6","isVisible":false,"boundaryRectangle":null,"style":null,"prototypeNodeUUID":null,"child":null,"constraints":null,"description":"","pbdlType":"global_color","color":{"a":1.0,"r":0.75,"g":0.75,"b":0.75}},{"UUID":"22:132","layoutMainAxisSizing":null,"layoutCrossAxisSizing":null,"name":"Content/Grey3","isVisible":false,"boundaryRectangle":null,"style":null,"prototypeNodeUUID":null,"child":null,"constraints":null,"description":"","pbdlType":"global_color","color":{"a":1.0,"r":0.38333332538604736,"g":0.38333332538604736,"b":0.38333332538604736}},{"UUID":"22:138","layoutMainAxisSizing":null,"layoutCrossAxisSizing":null,"name":"Primary / 1","isVisible":false,"boundaryRectangle":null,"style":null,"prototypeNodeUUID":null,"child":null,"constraints":null,"description":"","pbdlType":"global_color","color":{"a":1.0,"r":0.16078431904315948,"g":0.572549045085907,"b":0.45490196347236633}},{"UUID":"22:139","layoutMainAxisSizing":null,"layoutCrossAxisSizing":null,"name":"System/ Icon","isVisible":false,"boundaryRectangle":null,"style":null,"prototypeNodeUUID":null,"child":null,"constraints":null,"description":"","pbdlType":"global_color","color":{"a":1.0,"r":0.7098039388656616,"g":0.7215686440467834,"b":0.7960784435272217}},{"UUID":"22:137","layoutMainAxisSizing":null,"layoutCrossAxisSizing":null,"name":"Content/Grey4","isVisible":false,"boundaryRectangle":null,"style":null,"prototypeNodeUUID":null,"child":null,"constraints":null,"description":"","pbdlType":"global_color","color":{"a":1.0,"r":0.125490203499794,"g":0.13333334028720856,"b":0.13725490868091583}},{"UUID":"22:140","layoutMainAxisSizing":null,"layoutCrossAxisSizing":null,"name":"Status / Error","isVisible":false,"boundaryRectangle":null,"style":null,"prototypeNodeUUID":null,"child":null,"constraints":null,"description":"","pbdlType":"global_color","color":{"a":1.0,"r":0.7960784435272217,"g":0.1764705926179886,"b":0.1921568661928177}},{"UUID":"1:6","layoutMainAxisSizing":null,"layoutCrossAxisSizing":null,"name":"Grayscale/White","isVisible":false,"boundaryRectangle":null,"style":null,"prototypeNodeUUID":null,"child":null,"constraints":null,"description":"","pbdlType":"global_color","color":{"a":1.0,"r":1.0,"g":1.0,"b":1.0}}],"textStyles":[{"UUID":"22:136","layoutMainAxisSizing":null,"layoutCrossAxisSizing":null,"name":"Body/14-Regular","isVisible":false,"boundaryRectangle":null,"style":null,"prototypeNodeUUID":null,"child":null,"constraints":null,"description":"","pbdlType":"global_text_style","textStyle":{"UUID":"","layoutMainAxisSizing":null,"layoutCrossAxisSizing":null,"name":"","isVisible":false,"boundaryRectangle":null,"style":null,"prototypeNodeUUID":"","child":null,"constraints":null,"fontFamily":"Inter","fontPostScriptName":null,"paragraphSpacing":0,"paragraphIndent":0,"listSpacing":0,"italics":null,"fontWeight":400,"fontSize":14.0,"textCase":"ORIGINAL","textDecoration":"NONE","textAutoResize":"WIDTH_AND_HEIGHT","textAlignHorizontal":"LEFT","textAlignVertical":"TOP","letterSpacing":0.0,"fills":null,"hyperLink":null,"opentypeFlags":{},"lineHeightPx":20.0,"lineHeightPercent":118.04158782958984,"lineHeightPercentFontSize":142.85714721679688,"lineHeightUnit":"PIXELS","pbdlType":"text_style"}}],"themeColors":[],"themeTextStyles":[]},"pbdlType":"project","azure_container_uri":"https://pbnestcore.blob.core.windows.net/nlkjizuc37kqynmoqaqpts"}